path,bytes,sha256,git_blob_sha
5-amino-1mq.html,6725,9e00884e7c9921ef45078a15085cfcb1c6a352b9a9230b6b77bcf407c420e9af,fa3ec2a95478077b11b25b0dde3f4bd577f1bb8a
about.html,3013,5f392046e295cf731e10e3628aabe2d208d3bd884b2eb7166449519ce55cf132,a6ca3ef8900367121d3bcc5b20f8adf04620d7a4
adamax.html,6231,2510cfb5fdb91657c24676c3e0454787dd941c1a05dbd6cbdb35a3f736298271,46a8c74e7ad4a207271273762b3b002fe6829740
aging-cellular-senescence.html,7769,a11e50c565fea1ab9c2ccd707e0a4e2c5828c657d3121f7c6c4a6f97b125f718,3049d0774bf31e57897bc747f4fa9c454a200d25
ahk-cu.html,5600,1579fb7827078294cff4eea1772eb00203f65c90e1cae4174fb324bf08eb37a3,4fb8bd405ca9f205fc351a6f4cb6299d9ca01879
aicar.html,6598,e750474d3e9df9b62a092cf12f0463ff99365ba4e0d8c2f284bf3e4253f7c21e,6eca012a58dea02a95cdaf83b987de20ce20946c
angiogenesis-vascular-biology.html,8321,a5e5228942dbc295a4e7b9e514222d3363d0cc2fd84668f1843737bc44d34a07,6392a239a0f6379001dbd294d4559750de25a39b
aod-9604.html,6544,a61c2cda0ac0dc1b08f90ae23697f41f32ead8c14f0a63277905b15ea358f2f7,4c226ca0673f6208def13229db0a7e4c6a046586
appetite-energy-balance.html,9676,bf6f52c00f1cdf502ee4c388570bcdc53c0f6074d14913c5283614be92afbaaa,bcd31d126140828b96c3df7eca6b79947a88c6be
ara-290.html,6248,9a5395241adaaf1ad95d5d7cbc1f58ea1ffa94ffab73faa1f46e59078e2bcea7,7b869c117aae51e0cb572dde9e862a68c5dbf92c
assets/beauty.png,424658,6201e77fa992d2e776ad64199243dc8acfbe8b63807e7759c88e6c0498c7548f,09498420885beb555657775fdcb1116ee8e305da
assets/empty-vial.png,138970,03b9bd39b18d4c7a317be0c51216eb55ff9877ad9e280d0784be684913450ee1,5526904cea53da14e046ed967e4654b0b1e3315d
assets/logo.png,72083,a412ac30fd0468867b3ed5219135c736bb606c1d69c3afab42f1a10865f1d8f3,fe32fc849c4ec684f5a09b1ae406d73bd3c503c3
assets/repair.png,741631,81bd4d1beac0df9b05fa2fbdf6ff8b3d1edddc52dfe3ec7d8097aaf497abc4c5,17f97cad63e16ccd141d12b08f78055a15525cf5
assets/weightloss.png,881941,a240681384d782bf464cb5122c44013bdf4d4af705c7cca0b9c079def4437bae,1dcc767fe07b8b7f10079f22d5801fff7b4679a6
body-composition.html,8687,d3f535e3c37492390b0b29f67ab191445ca2b7ed4073fe515702aa521de4bc30,64c4677315b71a9540fd152571280e5dc72bdf92
botulinum-toxin.html,6353,4d5aa8bdfb77b630d65b73a988dbd9868d533d98e542d29ff812a39444408634,ce0d15e38c9fbe78b67291e3487e9f1f1c3689d1
bpc-157-tb-500.html,5940,1c44a77634904f911487993ca2c28b0208f91ba8f7d10d8e842b66f202256901,473ba62304f270d36cf8d3cb644ab516760cbcfb
bpc-157.html,7032,36370bc63e0600bf0eb5e1f1a1fc42687cf839d5c9a4c4444cd24982e1d841ba,228c5a37122c8f01429d01f08f1071a72ecedd42
cagrilintide.html,6610,d12cfdabb790f3f581b7c08473111633d61cba078a1f28699df2cef25af0e5cc,6a1eeed1bd145b007adfface57cb38c866594dca
calm-focus-stack.html,7727,b0741a5905429d94c2ed0266aef42c8f716c22fd718d4efc37138f3a7b6822c5,e04aed9a49631f0105654c5a41a2ad57630811e4
cart.html,3579,14f25259e63b9bdcf650794a24b92973ce26ed9114c97a1b5b1188366cee610f,3236a53d1124685b97312c1b2145e945ccea327f
cartalax.html,6188,e0cfb3643aaa77d698209077fc7ffd703e54f1634d7d749b8c04d37daca74d9e,dfcbef2c286e8b9798d3e7895bfc9fb7a48d93dd
cellular-energy.html,8402,7aaea64101446e380cb0dda88ba98d54f3b88c0599f663c025baef8b2b6d94a7,f50ccb4f37d20b649847b1d4b2e2f170f8c14dd5
cerebrolysin.html,6274,085204dd00c0658389d32b41498452b5831c57869574746d6dbf26666a570651,3a3cbc36fa250e8c53310e364c605711c5bacdc8
cjc-1295-dac.html,6321,00b8f4dcc487b3738cb7a94101160000b4657d3983f11696f569a1fffdbf01bf,8f94203ceab0194cb984eb3cf7af03827627b80a
cjc-1295-no-dac-ipamorelin.html,6085,99096a84f13c33c070f8b239b44ee804ec355ecfa3b1f73db110de5628197db2,c2c92b51e4e57c2c2fe0a395769c866aa2fadaa5
cjc-1295-no-dac.html,6340,12398af3a74daae5ff48656552f06dde10f633639e1249a7b14f5ca96aac4704,ee46aeb7bfac28abbe7540cb99d63c46a38c8cc2
clinical-biomarkers.html,8434,ecfa30e4528d3aa3d0349b6341fe23c5b116a0cb7ffd59162eda3ae4ddc8d153,ffd091c0fb5c4884eb1e3c9d34ee23e24042c8b4
collagen-extracellular-matrix.html,7534,a94a61a544f92c1a1d6af571027fc1f59c115423c039929889cdc8ec7461722a,d7d1e33a078967ccc9e0b56bb5a4a2e9470f25d0
compound-directory.html,8923,5b372ea1051e68060207326c4de06dea1dac9041a23df7fe31b762abc878dd3f,d935883b8087205fbf808793ba4f56897f57aa70
connective-tissue-biology.html,8387,610b7b0a4bb24d6f5544e523658151d37ed2a4ec993bfe148752daf81a8bb698,6c1b6329d7883adba2326470a12e1c1194863558
contact.html,4183,4cb3768e4188447f9b18d2e63a4fbfc22ddf3d4e6c1c587153420c12980e076a,572339c6c8cea540f7b6717db935c5f0d4026f43
cosmetic-regenerative-research.html,7695,474319fcdd785bb8fd44cdaa8a636d1fae6e36cabc16efa937cec35c85bbed07,0a8ba98c484d0981c503052cf2d647e788174aae
css/research.css,7882,fbbbaba0b62a7d854d5be36a572900e9d46ec94b9b7db13d048ec9603f0fd263,67ac6500584ec02dd3946c381f6018f655e58146
css/style.css,12055,7b5665af86af9deccfe06019010b7fa52724a266f20ea28057902785bef5b85d,f222ef6b692cc918a1fce3541bee2a2632ff3b6a
dsip.html,6229,957281fdeb3022dcb42fc5247bc1c64e4128ff44653a821623978b54f367fe90,6e3183e6c5c3a3e53a823272f36d6f5b8bc9067a
elite-anti-aging-stack.html,7868,67093bf3d291b4dbe23afa33223e265b1504ee28be40b68d5e50998b6b18bc2e,c70341721a34c25dc2c6e62a7f45c26e3ada84de
enhanced-sleep-stack.html,7797,aee6be9a2b47009e0be66a109307bc7985c5351e3f4f0fa04e02a0d76f7b867b,8dc663604ca497e2b1b9caf4427e80a55928c0e1
epithalon-compound.html,6332,228b2c5562c0865e4c849203ef345fcbe73078e8142c7b9ab359831ae7a92d6c,b6f1560f4dc754fe8d0a7ab632676a7701da7618
extracellular-matrix-remodeling.html,8467,0d63c7a38dc5cfcfc8572209924cc2341eda94674dcec01ad7a57a1bb3bd1619,27c2e05614b52c4b908c6eb023e1275dd1484d9e
faq.html,6667,93e44fa8062ff8cc74c65e0200308a50e1c4cdf8fd941ab6a20813baafeff32c,e6f32bce655f4f02a192ee763d1e37d0e5754a7e
fat-metabolism.html,8412,b0bcdf8d4029402fe3b99c28d055e4b570379cd91c11a447772f341fe99703a7,af72d8d5f86f777a89f1f15da26268f777dd8fa6
ghk-cu.html,6734,2e37eeb37d84926a1eaca0672111277d89c6b5411efb1b9346d57bc0ef5deb67,c7dbb754f88ac2c728027f709b75ab332c3663fc
glow-blend.html,7242,74a2df7cbdd7f927b939696be43423dfe5cfc924f6415a59634e742cf612719d,30e83e163d8f4e80408a2e8791888bb87c2c151e
glucose-metabolism.html,8787,b7cde16bc3cbe2b6051e1d877bbe12b1743475cdb7853ba177481fde8aee80f7,15f0d387e8439dbc2950c53589d6e95ad363c3d0
glutathione.html,6160,92b65ca75ff7ce24788cf7d3148add9b446f85cc6584892997e01d38ff284013,b6ea4777a8971f8e31f2059f62a012b7a85a9c00
growth-hormone-fat-loss-stack.html,7903,77e562323cd762ce62e39cf635e165dc25d213f9dbb30b04e2c8b78a36f4125a,e0fb5724e77b26bde8736b5a117e94062b6e742c
growth-hormone-muscle-building-stack.html,7879,d09f53cf450b1bf3e4712da1bf0629ac17e02080332069121b4368efd50387f3,1cc757299a98b1b005c829c6cf2cb7e8236b96a0
hair-biology.html,7567,c1d9e57f4985fe396a0ba9fd930cb8e83558539b72583539d04135d7d20d08be,96d46a83bf68b2edf3fbd2e5c383608c0c81a8ec
hcg.html,6337,ce6ad3bd8c8786595d7ce3089d8abea791b1a9924a8eedf73f240e70d7854958,05c77593acddc3ae07f0585255ae30664b904234
igf-1-lr3.html,6195,37f36a10e9eba9b973f9903361e1f6149326072dd57b7aee62d90022320e67c8,31e5d19cf601d3a112157cf8cf89ddd716ba9c3c
index.html,3245,c1271c9205675f0ed04edc52cbe522b5d84d2d23016ee2ce8b149e7e5672777d,4c5aae72dd79b6c880f3206635d3edfeaad77278
inflammation-immune-response.html,8415,43ac6d9e83cf4a21021269219db663c84d955f2df312ce3c9404c5d970cfe51a,49c4fab8d2cee8311b65008d471b11a846e6db91
ipamorelin.html,6865,ab80f8c1d27d82641fc6c073de48db827e8e78489e22046d783d7cf2766f720b,af8b0059e8ecb96a55021a396ff1242bb4b9221a
js/app.js,220,41635fb10f090aeb72ef5b9e5da6c563624422f2547970024530039028bff416,7acc04e481dfff08622d2681c93230f05d371412
js/cart.js,6285,7aa9037e13af315796fd328182999154966c82b713f6b712ed6a76598b9d366b,99866fdb739e52da9f69bb672f427331ea599872
js/product.js,933,d31f7698490d15ff2455651559b4627f8e55767964ecc4878b7aa290e7225ece,c30ea98cf0770233c2345fb717a15843fc40b607
js/products.js,16848,45caecbaed1efa5c19132d9daf3b242dd3234c28c8066aecfce8e4e3e4f66d47,2fd05b74cef538c76b2732eff382fa5b597de9c1
js/shop.js,1957,d100a6ebb189bd9ab2f11e18db11e135ca2bac8be3e98124dde30851322fe341,804b487dc31d9109061f764b6e10f424e05c4bc9
kisspeptin-10.html,6030,081dc736ca77d38390139700b22f8293da56484adb7816c31e608c390a6396a8,299f44a3ceb2fde1ffdc75ee70b115b42d769893
klow-blend.html,4307,566ca135f4d82e50a31aeaa00f9c14021b9b2ebaa1982ac2cfeb1bb20c1fa25b,d9d9174625339b28b9f5efaf25fac608cc342ca0
kpv.html,6938,36477ed587fe361f99d1350a677abbaafacce177a22774f608a2543965ae2271,32782e17c4199b98332155d5102cc16bb7ea9ccc
lemon-bottle.html,6753,58e3e03cd31a1c43866c3c9cc20743aef2a797767e077edea6d18b03bf2214d7,7763e93e37d72906ae7dea431df69c92d5d57e2a
melanotan-i.html,6085,6cf42f3c86e7ad6b23bc12ee785815fa4cc21e484807c2e6a749cb57eb33c3c6,83cec663918791572e6d4ce8e56c797101bbd7d9
melanotan-ii.html,6165,08612f176cf5663e90ab4fc980cb77ad6448d26a10302e9e9c5c27b5cebd7b5b,fea459229471eb2a4513a73c2eda75a428f5fd21
metabolic-research.html,7598,1241fa4a7b2e79d6f29b4b91fee6ecc9e1df9ac89e75d6fac8ebf0cd298ab775,2b3089e6c7e3bc066ca79a90b91551a169c3120e
mots-c.html,6956,5aeea81c07cb3d25b0a77f9f01667ba60311abf19126c623f9698e0fc6407711,7a124fa84e64d08ba6afc82ec84b63207e6de7c5
nad-plus.html,6158,1cd7529a2c01e5ad593a7906f83b0168d1fd433d76c781e5b642c773d44ee3c5,2439929de8b08ce97de2894f2bc4232736a12577
neuro-cognitive-stack.html,7592,8c02d9bbb22923b7776b4d4d4a167da8c3e0af8290fdf97340ab75a2fd2c5729,53b886be867e3edb01c3d351f49ac6c188f36e5e
oxytocin-acetate.html,6360,5c5ba438d5122029535d2f02bd6d895db95ec2cb800b11e5af3c588d1ee0358d,da807270a0fc0c1947b14681e7b2332e1df96cd5
pe-22-28.html,6290,1393e9cb21c80a4a4742e9f5c9b8dec3691e714ab9ea02224b9ae2f99cb467e9,ee50da32ebf23ff14dd1ac843bb93ad5eb8bfc20
pe-22-29.html,6253,46ca4e58dc9226d0fa2968cd400242bb992538e8f2e522e69fb951e2630f3012,72e4a5b04af43731ef29ffde010f2b95e3aacd37
pigmentation-melanocytes.html,7478,ae8d817b8ad8afebe67c021d9d8c107e2701ac3272da1115f82d86f8f3e0b10e,864cc3bfe741f9fb0227fac734b08071b1d9365c
pinealon.html,6214,251f0da17d6186b2045214dca083302454b8052c456adb467eda6ea7c637f8b7,005c31adb2cb22fbd6f6bc03c9faa7014876257a
product.html,3320,c73cff7d2c2cdc427f3aa7aa33ee6dd0cd635e32b683a0e0082b0855f386815b,ff44bba5225fccac10cf997551181db21c75864f
pt-141.html,6272,043d4d131a49b05bd4360c06c886abad32587e67506b48dacedc26dcc006255c,c786ffb644fdd4502bc8825290d0b46f16b2a011
recovery-repair.html,7596,7f56bba4acd23fe22d06295544b9aa87da5dc3388353798e30570a49425ab44c,fd888fd453d9cdcaa7f6a2db8a0014908ec6b07a
research.html,4892,c2c2986dd5afd488b622088ad5ab1f619be958923f3e8223d21d3a649fb73af6,b5c59488a155a795694c2e89132602d02c0c6f2a
retatrutide.html,6932,54ca4f17c2e5803948b8d8808a339f615dee138fc937dcbfaf5de90e0c687554,83f3864cfb686b73f3fb3d225354a97209c3b2e0
selank.html,6246,5840fed20b0c4114fcdbb1e539f5a884d4c22bbc29c14740273e6f6ce924a43e,e7eb406961f0cb9954729966f4b3b7d314326dab
semaglutide.html,6653,22758fe5a7821b5a33721ea214f4c7c987d1e1bc2f102912919b86a1bbc92fdf,f9dc2871344d737e13c379477a8631aa7c47ffdb
semax.html,465,b75a585a6381f98a007316231dc1644c539879ab8abdaf03775afd26723455aa,67db9571c8f6011f31de72810a85a0f83d370f1a
sermorelin.html,6172,7c6154d6e8b6782973b757cb56045479c0df0d5df6fd4520ab6311499393c1c0,11c7f4b07bbe79d81e4650a4ac6eb8bae8e1d051
shop.html,3091,87f40db4fd5fa574ca8e335ae75beee012f81f8c20a6ab87d9d8dd84c57f7bb6,217b5a1e1ca3351455f481e8332302b5224cef06
skin-beauty.html,7066,aa23a9e07e580cfc29f1d9e88783c758eb46f930b0d9afe66faeca6881b52704,bd29080de124aff707262ed6ceb56f3ab87e252f
skin-biology-structure.html,6165,6c55f63b452f6e2f7403525e9487413f882e418f5fff01df6c2628dd8830c287,74f3ad4a797d496cc5abfe365ce6431045b338b6
ss-31.html,6265,dc41ed0225ae6dc31f7c3a2e9a5b14acf784d241213595205b5ef8e08705b0ee,35a2ee8c5977ef9b6fca45d040a76d01511e00c7
stacks.html,12265,fca57b307706dd7eca5a1bc7e9c82b201fe9a4b87c6e670c8c60a4152aa15144,f52d44c3a8a7455aa9b3005d48e99dd44374deaf
tb-500.html,6990,cea026df78a522d38b8de47e4e589c7eda18b68223cc0dacd55965ebb6537dcb,236896914b1f44aba7251baec259ba56d87a8ea4
tesamorelin.html,6865,3ec7415130213daff7fcaceb4db0095858f5ccafb3a985ee62cc76270eaf443d,ef2bfd1555100219749dfa28cca4f26f1f6ff84f
thymalin-thymulin.html,6100,e9660f635eb4d4f81a34470ff149637f28c8e0b1bf1da4883e80f373e270d5ca,0f2178e87a383a9708fab9bad1aa43e421c16bc2
thymosin-alpha-1.html,6067,cef38b3a2c8f46301132ef17158efedcf974dd74cb949fbd38200882f4456429,e221be99c44d2410fbfd8bd7df977dcb51c4b72e
tirzepatide.html,6616,a4a4b827451fc8ae95c3913fec3878e10626d043adde9451f7161e24379007a7,10e4dbacab8b028c764f64182a445848e8d4610c
tissue-repair-regeneration.html,8604,745f46c5c7364320f87e9f873eeb95d1b4cb7953d97e30130a1e5ed0e2f31275,2f4b432f4e78a4c778543303aeff4a1253f39854
ultimate-fat-loss-stack.html,10348,0a535038c01e18cb15950fa224c9ea9c2aa9d1394a7c5867c547a5d759fc3299,367f12d6725b2fd8c78761a1beface04100d2d4f
upgraded-glow-stack.html,7643,d9788090f22409b185442aa67698ef955f2741eabda50c9dc2a80f1214e31bd2,a988b0d3ebf2c6358a6adc4d696da9dbd616c3ec
wolverine-stack.html,7796,d1ef6cfb858941321b21d1c32c4e490ee873cb23614ca4ab0a7d5551aaad7d69,f70bd3c6bbad914840fd26bd78609993b3fc1c4d
wound-healing.html,8284,403ba318487f8871655784681d76dcca3df82a3433bf8c47c8a9d6247c7fc144,9c984b9a280363719aa72ecdfe5bb19bca1dfce0
